year,revenue,prev_revenue,yoy_growth
2023,1647869.7384169681,,
2024,1617554.6106162178,1647869.7384169681,-1.84
