category_name,total_revenue
v_00028,148857.00472868432
v_00122,147206.49269197125
v_00093,146060.90732451188
v_00041,145912.65775425566
v_00066,144763.97687271933
