sale_month,total_revenue
2024-01,0.971771160399612
2024-02,0.3196122499834664
2024-03,0.5966859108470377
2024-04,0.0282536485003807
2024-05,0.9679651501131561
2024-06,0.19028569576942267
2024-07,0.23957181091757618
2024-08,0.7258838627117218
2024-09,0.47162426473742025
2024-10,0.8044625737253077
2024-11,0.5660578873722508
2024-12,0.003652076048458519
